id,feature1,feature2,time
0,1,1,0.8996068501153638
1,0,1,0.5386117326364912
2,1,0,0.6452108115924103
3,1,1,0.8352783790269525
4,1,0,0.3638212686919532
5,0,1,0.4910616681344764
6,1,0,0.9211506714572872
7,1,0,0.22346033874833027
8,0,0,0.9849258115325897
9,1,0,0.8221399321941399
