id,feature1,feature2,time
0,1,1,0.971501308618139
1,1,0,0.6184664233770183
2,0,1,0.6034428177532344
3,1,1,0.6119472182371543
4,1,1,0.9592257051874669
5,1,1,0.794405356965906
6,1,1,0.2959534724671308
7,0,0,0.8486226079928865
8,0,0,0.9628939356391495
9,0,0,0.8486226079928865
